scenario_id,dirt_score,load_kg,fabric_type,water_availability_pct
SC02-001,2,3.0,cotton,100
SC02-002,9,7.0,cotton,100
SC02-003,5,2.0,delicate,80
SC02-004,7,5.0,synthetic,25
SC02-005,6,8.5,heavy,70
SC02-006,3,2.5,cotton,90
SC02-007,6,4.0,synthetic,80
SC02-008,4,5.0,cotton,100
SC02-009,8,6.0,heavy,90
SC02-010,2,1.5,delicate,100
SC02-011,1,0.5,delicate,100
SC02-012,10,7.0,heavy,100
SC02-013,5,4.0,cotton,50
SC02-014,7,5.5,synthetic,60
SC02-015,3,8.0,cotton,100
SC02-016,0,0.5,delicate,100
SC02-017,10,8.0,heavy,0
SC02-018,5,0.5,synthetic,100
SC02-019,8,7.0,cotton,20
SC02-020,6,4.5,heavy,70
